detector,dataset,scenario,acc,mcc,bacc,tpr,tnr,tb (s.),tp (s.)
NN,Electricity (ISSDA-CER),Avg,0.991,0,0.496,0.991,0,36.064,3.582
NN,Electricity (ISSDA-CER),FDI10,0.932,0,0.466,0.932,0,36.064,3.615
NN,Electricity (ISSDA-CER),FDI30,0.854,0,0.427,0.854,0,36.064,3.554
NN,Electricity (ISSDA-CER),RSA_0.25_1.1,0.763,0,0.382,0.763,0,36.064,3.575
NN,Electricity (ISSDA-CER),RSA_0.5_3,0.898,0,0.449,0.898,0,36.064,3.596
NN,Electricity (ISSDA-CER),Swap,0.911,0,0.456,0.911,0,36.064,3.612
NN,Electricity (ISSDA-CER),Normal,0.76,0,0.38,0,0.76,36.066,3.615
NN,Electricity (ISSDA-CER),All,0.873,16.672,0.826,0.891,0.76,36.064,3.593
All,Electricity (ISSDA-CER),Avg,0.991,0,0.496,0.991,0,36.064,3.582
All,Electricity (ISSDA-CER),FDI10,0.932,0,0.466,0.932,0,36.064,3.615
All,Electricity (ISSDA-CER),FDI30,0.854,0,0.427,0.854,0,36.064,3.554
All,Electricity (ISSDA-CER),RSA_0.25_1.1,0.763,0,0.382,0.763,0,36.064,3.575
All,Electricity (ISSDA-CER),RSA_0.5_3,0.898,0,0.449,0.898,0,36.064,3.596
All,Electricity (ISSDA-CER),Swap,0.911,0,0.456,0.911,0,36.064,3.612
All,Electricity (ISSDA-CER),Normal,0.76,0,0.38,0,0.76,36.066,3.615
All,Electricity (ISSDA-CER),All,0.873,16.672,0.826,0.891,0.76,36.064,3.593
TEG_Hamming_30,Gas (ISSDA-CER),Normal,0.974,0,0.487,0,0.974,0.327,0.082
TEG_Hamming_30,Gas (ISSDA-CER),RSA_0.25_1.1,0.056,0,0.028,0.056,0,0.327,0.082
TEG_Hamming_30,Gas (ISSDA-CER),RSA_0.5_3,0.472,0,0.236,0.472,0,0.327,0.081
TEG_Hamming_30,Gas (ISSDA-CER),Avg,0.597,0,0.298,0.597,0,0.327,0.097
TEG_Hamming_30,Gas (ISSDA-CER),Swap,0.031,0,0.016,0.031,0,0.327,0.082
TEG_Hamming_30,Gas (ISSDA-CER),FDI10,0.639,0,0.32,0.639,0,0.327,0.093
TEG_Hamming_30,Gas (ISSDA-CER),FDI30,0.342,0,0.171,0.342,0,0.327,0.09
TEG_Hamming_30,Gas (ISSDA-CER),All,0.444,0.25,0.665,0.356,0.974,0.327,0.087
TEG_Cosine_30,Gas (ISSDA-CER),Normal,0.985,0,0.492,0,0.985,0.338,0.086
TEG_Cosine_30,Gas (ISSDA-CER),RSA_0.25_1.1,0.01,0,0.005,0.01,0,0.338,0.085
TEG_Cosine_30,Gas (ISSDA-CER),RSA_0.5_3,0.047,0,0.024,0.047,0,0.338,0.083
TEG_Cosine_30,Gas (ISSDA-CER),Avg,0.802,0,0.401,0.802,0,0.338,0.099
TEG_Cosine_30,Gas (ISSDA-CER),Swap,0.019,0,0.01,0.019,0,0.338,0.085
TEG_Cosine_30,Gas (ISSDA-CER),FDI10,0.16,0,0.08,0.16,0,0.338,0.095
TEG_Cosine_30,Gas (ISSDA-CER),FDI30,0.131,0,0.066,0.131,0,0.338,0.093
TEG_Cosine_30,Gas (ISSDA-CER),All,0.308,0.168,0.59,0.195,0.985,0.338,0.09
TEG_Jaccard_30,Gas (ISSDA-CER),Normal,0.968,0,0.484,0,0.968,0.326,0.083
TEG_Jaccard_30,Gas (ISSDA-CER),RSA_0.25_1.1,0.045,0,0.022,0.045,0,0.326,0.083
TEG_Jaccard_30,Gas (ISSDA-CER),RSA_0.5_3,0.029,0,0.014,0.029,0,0.326,0.08
TEG_Jaccard_30,Gas (ISSDA-CER),Avg,0.805,0,0.402,0.805,0,0.326,0.097
TEG_Jaccard_30,Gas (ISSDA-CER),Swap,0.035,0,0.018,0.035,0,0.326,0.083
TEG_Jaccard_30,Gas (ISSDA-CER),FDI10,0.249,0,0.124,0.249,0,0.326,0.094
TEG_Jaccard_30,Gas (ISSDA-CER),FDI30,0.098,0,0.049,0.098,0,0.326,0.091
TEG_Jaccard_30,Gas (ISSDA-CER),All,0.319,0.161,0.589,0.21,0.968,0.326,0.087
TEG_Dice_30,Gas (ISSDA-CER),Normal,0.966,0,0.483,0,0.966,0.327,0.083
TEG_Dice_30,Gas (ISSDA-CER),RSA_0.25_1.1,0.047,0,0.024,0.047,0,0.327,0.082
TEG_Dice_30,Gas (ISSDA-CER),RSA_0.5_3,0.029,0,0.014,0.029,0,0.327,0.082
TEG_Dice_30,Gas (ISSDA-CER),Avg,0.843,0,0.422,0.843,0,0.327,0.096
TEG_Dice_30,Gas (ISSDA-CER),Swap,0.038,0,0.019,0.038,0,0.327,0.084
TEG_Dice_30,Gas (ISSDA-CER),FDI10,0.265,0,0.132,0.265,0,0.327,0.093
TEG_Dice_30,Gas (ISSDA-CER),FDI30,0.105,0,0.052,0.105,0,0.327,0.09
TEG_Dice_30,Gas (ISSDA-CER),All,0.328,0.166,0.594,0.221,0.966,0.327,0.087
TEG_KL_30,Gas (ISSDA-CER),Normal,0.33,0,0.165,0,0.33,0.331,0.084
TEG_KL_30,Gas (ISSDA-CER),RSA_0.25_1.1,0.814,0,0.407,0.814,0,0.331,0.084
TEG_KL_30,Gas (ISSDA-CER),RSA_0.5_3,0.955,0,0.478,0.955,0,0.331,0.081
TEG_KL_30,Gas (ISSDA-CER),Avg,0.811,0,0.406,0.811,0,0.331,0.098
TEG_KL_30,Gas (ISSDA-CER),Swap,0.696,0,0.348,0.696,0,0.331,0.084
TEG_KL_30,Gas (ISSDA-CER),FDI10,0.405,0,0.202,0.405,0,0.331,0.094
TEG_KL_30,Gas (ISSDA-CER),FDI30,0.673,0,0.336,0.673,0,0.331,0.092
TEG_KL_30,Gas (ISSDA-CER),All,0.669,0.043,0.528,0.725,0.33,0.331,0.088
TEG_Jeffreys_30,Gas (ISSDA-CER),Normal,0.909,0,0.454,0,0.909,0.332,0.084
TEG_Jeffreys_30,Gas (ISSDA-CER),RSA_0.25_1.1,0.291,0,0.146,0.291,0,0.332,0.084
TEG_Jeffreys_30,Gas (ISSDA-CER),RSA_0.5_3,0.816,0,0.408,0.816,0,0.332,0.082
TEG_Jeffreys_30,Gas (ISSDA-CER),Avg,0.923,0,0.462,0.923,0,0.332,0.096
TEG_Jeffreys_30,Gas (ISSDA-CER),Swap,0.146,0,0.073,0.146,0,0.332,0.085
TEG_Jeffreys_30,Gas (ISSDA-CER),FDI10,0.841,0,0.42,0.841,0,0.332,0.094
TEG_Jeffreys_30,Gas (ISSDA-CER),FDI30,0.731,0,0.366,0.731,0,0.332,0.092
TEG_Jeffreys_30,Gas (ISSDA-CER),All,0.665,0.375,0.767,0.625,0.909,0.332,0.088
TEG_JS_30,Gas (ISSDA-CER),Normal,0.97,0,0.485,0,0.97,0.333,0.085
TEG_JS_30,Gas (ISSDA-CER),RSA_0.25_1.1,0.163,0,0.082,0.163,0,0.333,0.085
TEG_JS_30,Gas (ISSDA-CER),RSA_0.5_3,0.431,0,0.216,0.431,0,0.333,0.082
TEG_JS_30,Gas (ISSDA-CER),Avg,0.818,0,0.409,0.818,0,0.333,0.098
TEG_JS_30,Gas (ISSDA-CER),Swap,0.055,0,0.028,0.055,0,0.333,0.085
TEG_JS_30,Gas (ISSDA-CER),FDI10,0.329,0,0.164,0.329,0,0.333,0.095
TEG_JS_30,Gas (ISSDA-CER),FDI30,0.388,0,0.194,0.388,0,0.333,0.092
TEG_JS_30,Gas (ISSDA-CER),All,0.451,0.251,0.667,0.364,0.97,0.333,0.089
TEG_Euclidean_30,Gas (ISSDA-CER),Normal,0.981,0,0.49,0,0.981,0.335,0.086
TEG_Euclidean_30,Gas (ISSDA-CER),RSA_0.25_1.1,0.02,0,0.01,0.02,0,0.335,0.084
TEG_Euclidean_30,Gas (ISSDA-CER),RSA_0.5_3,0.028,0,0.014,0.028,0,0.335,0.083
TEG_Euclidean_30,Gas (ISSDA-CER),Avg,0.841,0,0.42,0.841,0,0.335,0.098
TEG_Euclidean_30,Gas (ISSDA-CER),Swap,0.025,0,0.012,0.025,0,0.335,0.085
TEG_Euclidean_30,Gas (ISSDA-CER),FDI10,0.173,0,0.086,0.173,0,0.335,0.095
TEG_Euclidean_30,Gas (ISSDA-CER),FDI30,0.058,0,0.029,0.058,0,0.335,0.092
TEG_Euclidean_30,Gas (ISSDA-CER),All,0.304,0.162,0.586,0.191,0.981,0.335,0.089
TEG_Cityblock_30,Gas (ISSDA-CER),Normal,0.989,0,0.494,0,0.989,0.334,0.086
TEG_Cityblock_30,Gas (ISSDA-CER),RSA_0.25_1.1,0.02,0,0.01,0.02,0,0.334,0.084
TEG_Cityblock_30,Gas (ISSDA-CER),RSA_0.5_3,0.073,0,0.036,0.073,0,0.334,0.083
TEG_Cityblock_30,Gas (ISSDA-CER),Avg,0.797,0,0.398,0.797,0,0.334,0.099
TEG_Cityblock_30,Gas (ISSDA-CER),Swap,0.022,0,0.011,0.022,0,0.334,0.085
TEG_Cityblock_30,Gas (ISSDA-CER),FDI10,0.046,0,0.023,0.046,0,0.334,0.095
TEG_Cityblock_30,Gas (ISSDA-CER),FDI30,0.058,0,0.029,0.058,0,0.334,0.092
TEG_Cityblock_30,Gas (ISSDA-CER),All,0.286,0.157,0.579,0.169,0.989,0.334,0.089
TEG_Chebyshev_30,Gas (ISSDA-CER),Normal,0.981,0,0.49,0,0.981,0.344,0.087
TEG_Chebyshev_30,Gas (ISSDA-CER),RSA_0.25_1.1,0.024,0,0.012,0.024,0,0.344,0.086
TEG_Chebyshev_30,Gas (ISSDA-CER),RSA_0.5_3,0.03,0,0.015,0.03,0,0.344,0.085
TEG_Chebyshev_30,Gas (ISSDA-CER),Avg,0.824,0,0.412,0.824,0,0.344,0.101
TEG_Chebyshev_30,Gas (ISSDA-CER),Swap,0.025,0,0.012,0.025,0,0.344,0.087
TEG_Chebyshev_30,Gas (ISSDA-CER),FDI10,0.177,0,0.088,0.177,0,0.344,0.097
TEG_Chebyshev_30,Gas (ISSDA-CER),FDI30,0.057,0,0.028,0.057,0,0.344,0.094
TEG_Chebyshev_30,Gas (ISSDA-CER),All,0.302,0.16,0.585,0.189,0.981,0.344,0.091
TEG_Minkowski_30,Gas (ISSDA-CER),Normal,0.981,0,0.49,0,0.981,0.337,0.086
TEG_Minkowski_30,Gas (ISSDA-CER),RSA_0.25_1.1,0.023,0,0.012,0.023,0,0.337,0.086
TEG_Minkowski_30,Gas (ISSDA-CER),RSA_0.5_3,0.028,0,0.014,0.028,0,0.337,0.084
TEG_Minkowski_30,Gas (ISSDA-CER),Avg,0.837,0,0.418,0.837,0,0.337,0.099
TEG_Minkowski_30,Gas (ISSDA-CER),Swap,0.025,0,0.012,0.025,0,0.337,0.086
TEG_Minkowski_30,Gas (ISSDA-CER),FDI10,0.177,0,0.088,0.177,0,0.337,0.096
TEG_Minkowski_30,Gas (ISSDA-CER),FDI30,0.057,0,0.028,0.057,0,0.337,0.093
TEG_Minkowski_30,Gas (ISSDA-CER),All,0.304,0.162,0.586,0.191,0.981,0.337,0.09
TEG_Braycurtis_30,Gas (ISSDA-CER),Normal,0.989,0,0.494,0,0.989,0.333,0.085
TEG_Braycurtis_30,Gas (ISSDA-CER),RSA_0.25_1.1,0.02,0,0.01,0.02,0,0.333,0.085
TEG_Braycurtis_30,Gas (ISSDA-CER),RSA_0.5_3,0.073,0,0.036,0.073,0,0.333,0.082
TEG_Braycurtis_30,Gas (ISSDA-CER),Avg,0.797,0,0.398,0.797,0,0.333,0.098
TEG_Braycurtis_30,Gas (ISSDA-CER),Swap,0.022,0,0.011,0.022,0,0.333,0.084
TEG_Braycurtis_30,Gas (ISSDA-CER),FDI10,0.046,0,0.023,0.046,0,0.333,0.095
TEG_Braycurtis_30,Gas (ISSDA-CER),FDI30,0.058,0,0.029,0.058,0,0.333,0.092
TEG_Braycurtis_30,Gas (ISSDA-CER),All,0.286,0.157,0.579,0.169,0.989,0.333,0.089
TEG_Gower_30,Gas (ISSDA-CER),Normal,0.989,0,0.494,0,0.989,0.332,0.085
TEG_Gower_30,Gas (ISSDA-CER),RSA_0.25_1.1,0.02,0,0.01,0.02,0,0.332,0.084
TEG_Gower_30,Gas (ISSDA-CER),RSA_0.5_3,0.073,0,0.036,0.073,0,0.332,0.082
TEG_Gower_30,Gas (ISSDA-CER),Avg,0.797,0,0.398,0.797,0,0.332,0.098
TEG_Gower_30,Gas (ISSDA-CER),Swap,0.022,0,0.011,0.022,0,0.332,0.085
TEG_Gower_30,Gas (ISSDA-CER),FDI10,0.046,0,0.023,0.046,0,0.332,0.095
TEG_Gower_30,Gas (ISSDA-CER),FDI30,0.058,0,0.029,0.058,0,0.332,0.093
TEG_Gower_30,Gas (ISSDA-CER),All,0.286,0.157,0.579,0.169,0.989,0.332,0.089
TEG_Soergel_30,Gas (ISSDA-CER),Normal,0.989,0,0.494,0,0.989,0.333,0.085
TEG_Soergel_30,Gas (ISSDA-CER),RSA_0.25_1.1,0.02,0,0.01,0.02,0,0.333,0.085
TEG_Soergel_30,Gas (ISSDA-CER),RSA_0.5_3,0.073,0,0.036,0.073,0,0.333,0.083
TEG_Soergel_30,Gas (ISSDA-CER),Avg,0.797,0,0.398,0.797,0,0.333,0.098
TEG_Soergel_30,Gas (ISSDA-CER),Swap,0.022,0,0.011,0.022,0,0.333,0.085
TEG_Soergel_30,Gas (ISSDA-CER),FDI10,0.046,0,0.023,0.046,0,0.333,0.095
TEG_Soergel_30,Gas (ISSDA-CER),FDI30,0.058,0,0.029,0.058,0,0.333,0.091
TEG_Soergel_30,Gas (ISSDA-CER),All,0.286,0.157,0.579,0.169,0.989,0.333,0.089
TEG_Kulczynski_30,Gas (ISSDA-CER),Normal,0.989,0,0.494,0,0.989,0.333,0.085
TEG_Kulczynski_30,Gas (ISSDA-CER),RSA_0.25_1.1,0.02,0,0.01,0.02,0,0.333,0.084
TEG_Kulczynski_30,Gas (ISSDA-CER),RSA_0.5_3,0.073,0,0.036,0.073,0,0.333,0.083
TEG_Kulczynski_30,Gas (ISSDA-CER),Avg,0.797,0,0.398,0.797,0,0.333,0.098
TEG_Kulczynski_30,Gas (ISSDA-CER),Swap,0.022,0,0.011,0.022,0,0.333,0.085
TEG_Kulczynski_30,Gas (ISSDA-CER),FDI10,0.046,0,0.023,0.046,0,0.333,0.095
TEG_Kulczynski_30,Gas (ISSDA-CER),FDI30,0.058,0,0.029,0.058,0,0.333,0.092
TEG_Kulczynski_30,Gas (ISSDA-CER),All,0.286,0.157,0.579,0.169,0.989,0.333,0.089
TEG_Canberra_30,Gas (ISSDA-CER),Normal,0.931,0,0.466,0,0.931,0.339,0.086
TEG_Canberra_30,Gas (ISSDA-CER),RSA_0.25_1.1,0.274,0,0.137,0.274,0,0.339,0.085
TEG_Canberra_30,Gas (ISSDA-CER),RSA_0.5_3,0.844,0,0.422,0.844,0,0.339,0.083
TEG_Canberra_30,Gas (ISSDA-CER),Avg,0.901,0,0.45,0.901,0,0.339,0.099
TEG_Canberra_30,Gas (ISSDA-CER),Swap,0.106,0,0.053,0.106,0,0.339,0.086
TEG_Canberra_30,Gas (ISSDA-CER),FDI10,0.841,0,0.42,0.841,0,0.339,0.096
TEG_Canberra_30,Gas (ISSDA-CER),FDI30,0.664,0,0.332,0.664,0,0.339,0.093
TEG_Canberra_30,Gas (ISSDA-CER),All,0.652,0.376,0.768,0.605,0.931,0.339,0.09
TEG_Lorentzian_30,Gas (ISSDA-CER),Normal,0.904,0,0.452,0,0.904,0.333,0.085
TEG_Lorentzian_30,Gas (ISSDA-CER),RSA_0.25_1.1,0.109,0,0.054,0.109,0,0.333,0.084
TEG_Lorentzian_30,Gas (ISSDA-CER),RSA_0.5_3,0.07,0,0.035,0.07,0,0.333,0.083
TEG_Lorentzian_30,Gas (ISSDA-CER),Avg,0.0,0,0.0,0.0,0,0.333,0.099
TEG_Lorentzian_30,Gas (ISSDA-CER),Swap,0.077,0,0.038,0.077,0,0.333,0.084
TEG_Lorentzian_30,Gas (ISSDA-CER),FDI10,0.001,0,0.0,0.001,0,0.333,0.095
TEG_Lorentzian_30,Gas (ISSDA-CER),FDI30,0.006,0,0.003,0.006,0,0.333,0.092
TEG_Lorentzian_30,Gas (ISSDA-CER),All,0.167,-0.083,0.474,0.044,0.904,0.333,0.089
TEG_Bhattacharyya_30,Gas (ISSDA-CER),Normal,0.956,0,0.478,0,0.956,0.484,0.122
TEG_Bhattacharyya_30,Gas (ISSDA-CER),RSA_0.25_1.1,0.242,0,0.121,0.242,0,0.484,0.122
TEG_Bhattacharyya_30,Gas (ISSDA-CER),RSA_0.5_3,0.587,0,0.294,0.587,0,0.484,0.119
TEG_Bhattacharyya_30,Gas (ISSDA-CER),Avg,0.832,0,0.416,0.832,0,0.484,0.142
TEG_Bhattacharyya_30,Gas (ISSDA-CER),Swap,0.083,0,0.042,0.083,0,0.484,0.123
TEG_Bhattacharyya_30,Gas (ISSDA-CER),FDI10,0.478,0,0.239,0.478,0,0.484,0.137
TEG_Bhattacharyya_30,Gas (ISSDA-CER),FDI30,0.508,0,0.254,0.508,0,0.484,0.134
TEG_Bhattacharyya_30,Gas (ISSDA-CER),All,0.526,0.294,0.706,0.455,0.956,0.484,0.129
TEG_Hellinger_30,Gas (ISSDA-CER),Normal,0.956,0,0.478,0,0.956,0.485,0.123
TEG_Hellinger_30,Gas (ISSDA-CER),RSA_0.25_1.1,0.242,0,0.121,0.242,0,0.485,0.123
TEG_Hellinger_30,Gas (ISSDA-CER),RSA_0.5_3,0.587,0,0.294,0.587,0,0.485,0.121
TEG_Hellinger_30,Gas (ISSDA-CER),Avg,0.832,0,0.416,0.832,0,0.485,0.142
TEG_Hellinger_30,Gas (ISSDA-CER),Swap,0.083,0,0.042,0.083,0,0.485,0.123
TEG_Hellinger_30,Gas (ISSDA-CER),FDI10,0.479,0,0.24,0.479,0,0.485,0.14
TEG_Hellinger_30,Gas (ISSDA-CER),FDI30,0.509,0,0.254,0.509,0,0.485,0.133
TEG_Hellinger_30,Gas (ISSDA-CER),All,0.527,0.294,0.706,0.455,0.956,0.485,0.129
TEG_Matusita_30,Gas (ISSDA-CER),Normal,0.956,0,0.478,0,0.956,0.48,0.123
TEG_Matusita_30,Gas (ISSDA-CER),RSA_0.25_1.1,0.242,0,0.121,0.242,0,0.48,0.121
TEG_Matusita_30,Gas (ISSDA-CER),RSA_0.5_3,0.587,0,0.294,0.587,0,0.48,0.119
TEG_Matusita_30,Gas (ISSDA-CER),Avg,0.832,0,0.416,0.832,0,0.48,0.143
TEG_Matusita_30,Gas (ISSDA-CER),Swap,0.083,0,0.042,0.083,0,0.48,0.122
TEG_Matusita_30,Gas (ISSDA-CER),FDI10,0.478,0,0.239,0.478,0,0.48,0.137
TEG_Matusita_30,Gas (ISSDA-CER),FDI30,0.509,0,0.254,0.509,0,0.48,0.134
TEG_Matusita_30,Gas (ISSDA-CER),All,0.527,0.294,0.706,0.455,0.956,0.48,0.128
TEG_Squaredchord_30,Gas (ISSDA-CER),Normal,0.956,0,0.478,0,0.956,0.487,0.124
TEG_Squaredchord_30,Gas (ISSDA-CER),RSA_0.25_1.1,0.242,0,0.121,0.242,0,0.487,0.122
TEG_Squaredchord_30,Gas (ISSDA-CER),RSA_0.5_3,0.587,0,0.294,0.587,0,0.487,0.119
TEG_Squaredchord_30,Gas (ISSDA-CER),Avg,0.832,0,0.416,0.832,0,0.487,0.141
TEG_Squaredchord_30,Gas (ISSDA-CER),Swap,0.083,0,0.042,0.083,0,0.487,0.124
TEG_Squaredchord_30,Gas (ISSDA-CER),FDI10,0.478,0,0.239,0.478,0,0.487,0.138
TEG_Squaredchord_30,Gas (ISSDA-CER),FDI30,0.508,0,0.254,0.508,0,0.487,0.133
TEG_Squaredchord_30,Gas (ISSDA-CER),All,0.527,0.294,0.706,0.455,0.956,0.487,0.129
TEG_Pearson_30,Gas (ISSDA-CER),Normal,0.32,0,0.16,0,0.32,0.486,0.123
TEG_Pearson_30,Gas (ISSDA-CER),RSA_0.25_1.1,0.821,0,0.41,0.821,0,0.486,0.123
TEG_Pearson_30,Gas (ISSDA-CER),RSA_0.5_3,0.955,0,0.478,0.955,0,0.486,0.12
TEG_Pearson_30,Gas (ISSDA-CER),Avg,0.81,0,0.405,0.81,0,0.486,0.142
TEG_Pearson_30,Gas (ISSDA-CER),Swap,0.709,0,0.354,0.709,0,0.486,0.124
TEG_Pearson_30,Gas (ISSDA-CER),FDI10,0.471,0,0.236,0.471,0,0.486,0.139
TEG_Pearson_30,Gas (ISSDA-CER),FDI30,0.722,0,0.361,0.722,0,0.486,0.134
TEG_Pearson_30,Gas (ISSDA-CER),All,0.687,0.054,0.534,0.748,0.32,0.486,0.129
TEG_Neyman_30,Gas (ISSDA-CER),Normal,0.952,0,0.476,0,0.952,0.488,0.125
TEG_Neyman_30,Gas (ISSDA-CER),RSA_0.25_1.1,0.057,0,0.028,0.057,0,0.488,0.124
TEG_Neyman_30,Gas (ISSDA-CER),RSA_0.5_3,0.129,0,0.064,0.129,0,0.488,0.122
TEG_Neyman_30,Gas (ISSDA-CER),Avg,0.783,0,0.392,0.783,0,0.488,0.144
TEG_Neyman_30,Gas (ISSDA-CER),Swap,0.096,0,0.048,0.096,0,0.488,0.123
TEG_Neyman_30,Gas (ISSDA-CER),FDI10,0.52,0,0.26,0.52,0,0.488,0.139
TEG_Neyman_30,Gas (ISSDA-CER),FDI30,0.282,0,0.141,0.282,0,0.488,0.134
TEG_Neyman_30,Gas (ISSDA-CER),All,0.403,0.207,0.632,0.311,0.952,0.488,0.13
TEG_Squared_30,Gas (ISSDA-CER),Normal,0.978,0,0.489,0,0.978,0.485,0.122
TEG_Squared_30,Gas (ISSDA-CER),RSA_0.25_1.1,0.104,0,0.052,0.104,0,0.485,0.123
TEG_Squared_30,Gas (ISSDA-CER),RSA_0.5_3,0.309,0,0.154,0.309,0,0.485,0.121
TEG_Squared_30,Gas (ISSDA-CER),Avg,0.811,0,0.406,0.811,0,0.485,0.145
TEG_Squared_30,Gas (ISSDA-CER),Swap,0.04,0,0.02,0.04,0,0.485,0.125
TEG_Squared_30,Gas (ISSDA-CER),FDI10,0.222,0,0.111,0.222,0,0.485,0.14
TEG_Squared_30,Gas (ISSDA-CER),FDI30,0.289,0,0.144,0.289,0,0.485,0.135
TEG_Squared_30,Gas (ISSDA-CER),All,0.393,0.22,0.637,0.296,0.978,0.485,0.13
TEG_Probsymmetric_30,Gas (ISSDA-CER),Normal,0.978,0,0.489,0,0.978,0.485,0.125
TEG_Probsymmetric_30,Gas (ISSDA-CER),RSA_0.25_1.1,0.104,0,0.052,0.104,0,0.485,0.123
TEG_Probsymmetric_30,Gas (ISSDA-CER),RSA_0.5_3,0.309,0,0.154,0.309,0,0.485,0.119
TEG_Probsymmetric_30,Gas (ISSDA-CER),Avg,0.811,0,0.406,0.811,0,0.485,0.143
TEG_Probsymmetric_30,Gas (ISSDA-CER),Swap,0.04,0,0.02,0.04,0,0.485,0.125
TEG_Probsymmetric_30,Gas (ISSDA-CER),FDI10,0.222,0,0.111,0.222,0,0.485,0.139
TEG_Probsymmetric_30,Gas (ISSDA-CER),FDI30,0.289,0,0.144,0.289,0,0.485,0.135
TEG_Probsymmetric_30,Gas (ISSDA-CER),All,0.393,0.22,0.637,0.296,0.978,0.485,0.13
TEG_Divergence_30,Gas (ISSDA-CER),Normal,0.946,0,0.473,0,0.946,0.483,0.123
TEG_Divergence_30,Gas (ISSDA-CER),RSA_0.25_1.1,0.19,0,0.095,0.19,0,0.483,0.121
TEG_Divergence_30,Gas (ISSDA-CER),RSA_0.5_3,0.777,0,0.388,0.777,0,0.483,0.119
TEG_Divergence_30,Gas (ISSDA-CER),Avg,0.89,0,0.445,0.89,0,0.483,0.143
TEG_Divergence_30,Gas (ISSDA-CER),Swap,0.076,0,0.038,0.076,0,0.483,0.123
TEG_Divergence_30,Gas (ISSDA-CER),FDI10,0.821,0,0.41,0.821,0,0.483,0.139
TEG_Divergence_30,Gas (ISSDA-CER),FDI30,0.611,0,0.306,0.611,0,0.483,0.135
TEG_Divergence_30,Gas (ISSDA-CER),All,0.616,0.355,0.754,0.561,0.946,0.483,0.129
TEG_Clark_30,Gas (ISSDA-CER),Normal,0.946,0,0.473,0,0.946,0.486,0.124
TEG_Clark_30,Gas (ISSDA-CER),RSA_0.25_1.1,0.19,0,0.095,0.19,0,0.486,0.124
TEG_Clark_30,Gas (ISSDA-CER),RSA_0.5_3,0.777,0,0.388,0.777,0,0.486,0.12
TEG_Clark_30,Gas (ISSDA-CER),Avg,0.892,0,0.446,0.892,0,0.486,0.144
TEG_Clark_30,Gas (ISSDA-CER),Swap,0.076,0,0.038,0.076,0,0.486,0.125
TEG_Clark_30,Gas (ISSDA-CER),FDI10,0.822,0,0.411,0.822,0,0.486,0.14
TEG_Clark_30,Gas (ISSDA-CER),FDI30,0.611,0,0.306,0.611,0,0.486,0.135
TEG_Clark_30,Gas (ISSDA-CER),All,0.616,0.355,0.754,0.561,0.946,0.486,0.13
TEG_Additivesymmetric_30,Gas (ISSDA-CER),Normal,0.923,0,0.462,0,0.923,0.486,0.122
TEG_Additivesymmetric_30,Gas (ISSDA-CER),RSA_0.25_1.1,0.244,0,0.122,0.244,0,0.486,0.122
TEG_Additivesymmetric_30,Gas (ISSDA-CER),RSA_0.5_3,0.26,0,0.13,0.26,0,0.486,0.12
TEG_Additivesymmetric_30,Gas (ISSDA-CER),Avg,0.788,0,0.394,0.788,0,0.486,0.143
TEG_Additivesymmetric_30,Gas (ISSDA-CER),Swap,0.122,0,0.061,0.122,0,0.486,0.123
TEG_Additivesymmetric_30,Gas (ISSDA-CER),FDI10,0.291,0,0.146,0.291,0,0.486,0.136
TEG_Additivesymmetric_30,Gas (ISSDA-CER),FDI30,0.462,0,0.231,0.462,0,0.486,0.133
TEG_Additivesymmetric_30,Gas (ISSDA-CER),All,0.441,0.213,0.642,0.361,0.923,0.486,0.129
ARIMAX,Gas (ISSDA-CER),Normal,0.937,0,0.468,0,0.937,1383.925,0.279
ARIMAX,Gas (ISSDA-CER),RSA_0.25_1.1,0.028,0,0.014,0.028,0,1383.925,0.261
ARIMAX,Gas (ISSDA-CER),RSA_0.5_3,0.123,0,0.062,0.123,0,1383.925,0.26
ARIMAX,Gas (ISSDA-CER),Avg,0.006,0,0.003,0.006,0,1383.925,0.259
ARIMAX,Gas (ISSDA-CER),Swap,0.126,0,0.063,0.126,0,1383.925,0.258
ARIMAX,Gas (ISSDA-CER),FDI10,0.005,0,0.002,0.005,0,1383.925,0.253
ARIMAX,Gas (ISSDA-CER),FDI30,0.003,0,0.002,0.003,0,1383.925,0.256
ARIMAX,Gas (ISSDA-CER),All,0.175,-0.024,0.493,0.049,0.937,1383.925,0.261
ARIMA,Gas (ISSDA-CER),Normal,0.936,0,0.468,0,0.936,99.259,0.139
ARIMA,Gas (ISSDA-CER),RSA_0.25_1.1,0.027,0,0.014,0.027,0,99.259,0.126
ARIMA,Gas (ISSDA-CER),RSA_0.5_3,0.12,0,0.06,0.12,0,99.259,0.124
ARIMA,Gas (ISSDA-CER),Avg,0.001,0,0.0,0.001,0,99.259,0.123
ARIMA,Gas (ISSDA-CER),Swap,0.064,0,0.032,0.064,0,99.259,0.123
ARIMA,Gas (ISSDA-CER),FDI10,0.0,0,0.0,0.0,0,99.259,0.122
ARIMA,Gas (ISSDA-CER),FDI30,0.0,0,0.0,0.0,0,99.259,0.122
ARIMA,Gas (ISSDA-CER),All,0.164,-0.051,0.486,0.035,0.936,99.259,0.125
NN,Gas (ISSDA-CER),Normal,0.699,0,0.35,0,0.699,72.713,11.009
NN,Gas (ISSDA-CER),RSA_0.25_1.1,0.793,0,0.396,0.793,0,72.713,10.799
NN,Gas (ISSDA-CER),RSA_0.5_3,0.855,0,0.428,0.855,0,72.713,10.911
NN,Gas (ISSDA-CER),Avg,0.977,0,0.488,0.977,0,72.713,10.873
NN,Gas (ISSDA-CER),Swap,0.89,0,0.445,0.89,0,72.713,11.317
NN,Gas (ISSDA-CER),FDI10,0.908,0,0.454,0.908,0,72.713,10.89
NN,Gas (ISSDA-CER),FDI30,0.895,0,0.448,0.895,0,72.713,10.886
NN,Gas (ISSDA-CER),All,0.859,0.514,0.792,0.886,0.699,72.713,10.955
Min-Avg,Gas (ISSDA-CER),Normal,0.993,0,0.496,0,0.993,0.086,0.023
Min-Avg,Gas (ISSDA-CER),RSA_0.25_1.1,0.022,0,0.011,0.022,0,0.086,0.023
Min-Avg,Gas (ISSDA-CER),RSA_0.5_3,0.003,0,0.002,0.003,0,0.086,0.024
Min-Avg,Gas (ISSDA-CER),Avg,0.007,0,0.004,0.007,0,0.086,0.023
Min-Avg,Gas (ISSDA-CER),Swap,0.007,0,0.004,0.007,0,0.086,0.023
Min-Avg,Gas (ISSDA-CER),FDI10,0.298,0,0.149,0.298,0,0.086,0.023
Min-Avg,Gas (ISSDA-CER),FDI30,0.098,0,0.049,0.098,0,0.086,0.023
Min-Avg,Gas (ISSDA-CER),All,0.204,0.094,0.533,0.073,0.993,0.086,0.023
KLD,Gas (ISSDA-CER),Normal,0.968,0,0.484,0,0.968,0.007,0.002
KLD,Gas (ISSDA-CER),RSA_0.25_1.1,0.087,0,0.044,0.087,0,0.007,0.002
KLD,Gas (ISSDA-CER),RSA_0.5_3,0.367,0,0.184,0.367,0,0.007,0.002
KLD,Gas (ISSDA-CER),Avg,0.855,0,0.428,0.855,0,0.007,0.002
KLD,Gas (ISSDA-CER),Swap,0.032,0,0.016,0.032,0,0.007,0.002
KLD,Gas (ISSDA-CER),FDI10,0.65,0,0.325,0.65,0,0.007,0.002
KLD,Gas (ISSDA-CER),FDI30,0.589,0,0.294,0.589,0,0.007,0.002
KLD,Gas (ISSDA-CER),All,0.507,0.288,0.699,0.43,0.968,0.007,0.002
JSD,Gas (ISSDA-CER),Normal,0.975,0,0.488,0,0.975,0.007,0.002
JSD,Gas (ISSDA-CER),RSA_0.25_1.1,0.044,0,0.022,0.044,0,0.007,0.002
JSD,Gas (ISSDA-CER),RSA_0.5_3,0.041,0,0.02,0.041,0,0.007,0.002
JSD,Gas (ISSDA-CER),Avg,0.903,0,0.452,0.903,0,0.007,0.002
JSD,Gas (ISSDA-CER),Swap,0.025,0,0.012,0.025,0,0.007,0.002
JSD,Gas (ISSDA-CER),FDI10,0.801,0,0.4,0.801,0,0.007,0.002
JSD,Gas (ISSDA-CER),FDI30,0.667,0,0.334,0.667,0,0.007,0.002
JSD,Gas (ISSDA-CER),All,0.494,0.283,0.694,0.414,0.975,0.007,0.002
All,Gas (ISSDA-CER),Normal,0.933,0,0.466,0,0.933,31.35,0.312
All,Gas (ISSDA-CER),RSA_0.25_1.1,0.042,0,0.021,0.042,0,31.35,0.306
All,Gas (ISSDA-CER),RSA_0.5_3,0.141,0,0.07,0.141,0,31.35,0.307
All,Gas (ISSDA-CER),Avg,0.063,0,0.032,0.063,0,31.35,0.321
All,Gas (ISSDA-CER),Swap,0.103,0,0.052,0.103,0,31.35,0.317
All,Gas (ISSDA-CER),FDI10,0.033,0,0.016,0.033,0,31.35,0.318
All,Gas (ISSDA-CER),FDI30,0.029,0,0.014,0.029,0,31.35,0.315
All,Gas (ISSDA-CER),All,0.192,0.002,0.501,0.068,0.933,31.35,0.314
Min-Avg,Solar (Ausgrid),Normal,0.971,0,0.486,0,0.971,0.236,0.239
Min-Avg,Solar (Ausgrid),Percentile,0.012,0,0.006,0.012,0,0.236,0.237
Min-Avg,Solar (Ausgrid),Rating,0.0,0,0.0,0.0,0,0.236,0.234
Min-Avg,Solar (Ausgrid),RSA_0.5_3,0.013,0,0.006,0.013,0,0.236,0.239
Min-Avg,Solar (Ausgrid),All,0.249,-0.076,0.49,0.008,0.971,0.236,0.238
JSD,Solar (Ausgrid),Normal,0.907,0,0.454,0,0.907,0.02,0.018
JSD,Solar (Ausgrid),Percentile,0.999,0,0.5,0.999,0,0.02,0.019
JSD,Solar (Ausgrid),Rating,0.963,0,0.482,0.963,0,0.02,0.02
JSD,Solar (Ausgrid),RSA_0.5_3,0.095,0,0.048,0.095,0,0.02,0.019
JSD,Solar (Ausgrid),All,0.741,0.515,0.796,0.686,0.907,0.02,0.019
KLD,Solar (Ausgrid),Normal,0.914,0,0.457,0,0.914,0.018,0.019
KLD,Solar (Ausgrid),Percentile,0.999,0,0.5,0.999,0,0.018,0.018
KLD,Solar (Ausgrid),Rating,0.963,0,0.482,0.963,0,0.018,0.017
KLD,Solar (Ausgrid),RSA_0.5_3,0.228,0,0.114,0.228,0,0.018,0.018
KLD,Solar (Ausgrid),All,0.776,0.564,0.822,0.73,0.914,0.018,0.018
NN,Solar (Ausgrid),Normal,0.897,0,0.448,0,0.897,109.397,40.083
NN,Solar (Ausgrid),Percentile,0.894,0,0.447,0.894,0,109.397,39.987
NN,Solar (Ausgrid),Rating,0.907,0,0.454,0.907,0,109.397,40.153
NN,Solar (Ausgrid),RSA_0.5_3,0.814,0,0.407,0.814,0,109.397,40.233
NN,Solar (Ausgrid),All,0.878,0.714,0.885,0.872,0.897,109.397,40.114
TEG_Hamming_30,Solar (Ausgrid),Normal,0.884,0,0.442,0,0.884,0.459,0.376
TEG_Hamming_30,Solar (Ausgrid),Percentile,0.993,0,0.496,0.993,0,0.459,0.451
TEG_Hamming_30,Solar (Ausgrid),Rating,0.993,0,0.496,0.993,0,0.459,0.453
TEG_Hamming_30,Solar (Ausgrid),RSA_0.5_3,0.882,0,0.441,0.882,0,0.459,0.392
TEG_Hamming_30,Solar (Ausgrid),All,0.938,0.835,0.92,0.956,0.884,0.459,0.418
TEG_Cosine_30,Solar (Ausgrid),Normal,0.927,0,0.464,0,0.927,0.474,0.395
TEG_Cosine_30,Solar (Ausgrid),Percentile,1.0,0,0.5,1.0,0,0.474,0.462
TEG_Cosine_30,Solar (Ausgrid),Rating,1.0,0,0.5,1.0,0,0.474,0.461
TEG_Cosine_30,Solar (Ausgrid),RSA_0.5_3,0.837,0,0.418,0.837,0,0.474,0.392
TEG_Cosine_30,Solar (Ausgrid),All,0.941,0.848,0.936,0.945,0.927,0.474,0.427
TEG_Jaccard_30,Solar (Ausgrid),Normal,0.907,0,0.454,0,0.907,0.467,0.389
TEG_Jaccard_30,Solar (Ausgrid),Percentile,0.976,0,0.488,0.976,0,0.467,0.449
TEG_Jaccard_30,Solar (Ausgrid),Rating,0.976,0,0.488,0.976,0,0.467,0.447
TEG_Jaccard_30,Solar (Ausgrid),RSA_0.5_3,0.035,0,0.018,0.035,0,0.467,0.395
TEG_Jaccard_30,Solar (Ausgrid),All,0.723,0.493,0.784,0.662,0.907,0.467,0.42
TEG_Dice_30,Solar (Ausgrid),Normal,0.907,0,0.454,0,0.907,0.472,0.383
TEG_Dice_30,Solar (Ausgrid),Percentile,0.976,0,0.488,0.976,0,0.472,0.453
TEG_Dice_30,Solar (Ausgrid),Rating,0.976,0,0.488,0.976,0,0.472,0.454
TEG_Dice_30,Solar (Ausgrid),RSA_0.5_3,0.035,0,0.018,0.035,0,0.472,0.393
TEG_Dice_30,Solar (Ausgrid),All,0.723,0.493,0.784,0.662,0.907,0.472,0.421
TEG_KL_30,Solar (Ausgrid),Normal,0.228,0,0.114,0,0.228,0.472,0.391
TEG_KL_30,Solar (Ausgrid),Percentile,0.996,0,0.498,0.996,0,0.472,0.459
TEG_KL_30,Solar (Ausgrid),Rating,1.0,0,0.5,1.0,0,0.472,0.451
TEG_KL_30,Solar (Ausgrid),RSA_0.5_3,0.987,0,0.494,0.987,0,0.472,0.394
TEG_KL_30,Solar (Ausgrid),All,0.803,0.402,0.611,0.994,0.228,0.472,0.424
TEG_Jeffreys_30,Solar (Ausgrid),Normal,0.849,0,0.424,0,0.849,0.469,0.383
TEG_Jeffreys_30,Solar (Ausgrid),Percentile,1.0,0,0.5,1.0,0,0.469,0.451
TEG_Jeffreys_30,Solar (Ausgrid),Rating,1.0,0,0.5,1.0,0,0.469,0.455
TEG_Jeffreys_30,Solar (Ausgrid),RSA_0.5_3,0.989,0,0.494,0.989,0,0.469,0.393
TEG_Jeffreys_30,Solar (Ausgrid),All,0.959,0.891,0.922,0.996,0.849,0.469,0.42
TEG_JS_30,Solar (Ausgrid),Normal,0.85,0,0.425,0,0.85,0.47,0.379
TEG_JS_30,Solar (Ausgrid),Percentile,1.0,0,0.5,1.0,0,0.47,0.459
TEG_JS_30,Solar (Ausgrid),Rating,1.0,0,0.5,1.0,0,0.47,0.453
TEG_JS_30,Solar (Ausgrid),RSA_0.5_3,0.984,0,0.492,0.984,0,0.47,0.396
TEG_JS_30,Solar (Ausgrid),All,0.958,0.888,0.922,0.995,0.85,0.47,0.422
TEG_Euclidean_30,Solar (Ausgrid),Normal,0.897,0,0.448,0,0.897,0.469,0.377
TEG_Euclidean_30,Solar (Ausgrid),Percentile,0.999,0,0.5,0.999,0,0.469,0.45
TEG_Euclidean_30,Solar (Ausgrid),Rating,1.0,0,0.5,1.0,0,0.469,0.451
TEG_Euclidean_30,Solar (Ausgrid),RSA_0.5_3,0.338,0,0.169,0.338,0,0.469,0.391
TEG_Euclidean_30,Solar (Ausgrid),All,0.809,0.6,0.838,0.779,0.897,0.469,0.417
TEG_Cityblock_30,Solar (Ausgrid),Normal,0.898,0,0.449,0,0.898,0.465,0.379
TEG_Cityblock_30,Solar (Ausgrid),Percentile,1.0,0,0.5,1.0,0,0.465,0.448
TEG_Cityblock_30,Solar (Ausgrid),Rating,1.0,0,0.5,1.0,0,0.465,0.46
TEG_Cityblock_30,Solar (Ausgrid),RSA_0.5_3,0.836,0,0.418,0.836,0,0.465,0.391
TEG_Cityblock_30,Solar (Ausgrid),All,0.933,0.827,0.922,0.945,0.898,0.465,0.42
TEG_Chebyshev_30,Solar (Ausgrid),Normal,0.902,0,0.451,0,0.902,0.477,0.395
TEG_Chebyshev_30,Solar (Ausgrid),Percentile,0.999,0,0.5,0.999,0,0.477,0.46
TEG_Chebyshev_30,Solar (Ausgrid),Rating,0.999,0,0.5,0.999,0,0.477,0.47
TEG_Chebyshev_30,Solar (Ausgrid),RSA_0.5_3,0.225,0,0.112,0.225,0,0.477,0.402
TEG_Chebyshev_30,Solar (Ausgrid),All,0.781,0.564,0.822,0.741,0.902,0.477,0.432
TEG_Minkowski_30,Solar (Ausgrid),Normal,0.9,0,0.45,0,0.9,0.471,0.385
TEG_Minkowski_30,Solar (Ausgrid),Percentile,0.999,0,0.5,0.999,0,0.471,0.449
TEG_Minkowski_30,Solar (Ausgrid),Rating,0.999,0,0.5,0.999,0,0.471,0.466
TEG_Minkowski_30,Solar (Ausgrid),RSA_0.5_3,0.279,0,0.14,0.279,0,0.471,0.406
TEG_Minkowski_30,Solar (Ausgrid),All,0.794,0.581,0.83,0.759,0.9,0.471,0.427
TEG_Braycurtis_30,Solar (Ausgrid),Normal,0.898,0,0.449,0,0.898,0.474,0.388
TEG_Braycurtis_30,Solar (Ausgrid),Percentile,1.0,0,0.5,1.0,0,0.474,0.459
TEG_Braycurtis_30,Solar (Ausgrid),Rating,1.0,0,0.5,1.0,0,0.474,0.461
TEG_Braycurtis_30,Solar (Ausgrid),RSA_0.5_3,0.836,0,0.418,0.836,0,0.474,0.398
TEG_Braycurtis_30,Solar (Ausgrid),All,0.933,0.827,0.922,0.945,0.898,0.474,0.427
TEG_Gower_30,Solar (Ausgrid),Normal,0.898,0,0.449,0,0.898,0.481,0.386
TEG_Gower_30,Solar (Ausgrid),Percentile,1.0,0,0.5,1.0,0,0.481,0.46
TEG_Gower_30,Solar (Ausgrid),Rating,1.0,0,0.5,1.0,0,0.481,0.458
TEG_Gower_30,Solar (Ausgrid),RSA_0.5_3,0.827,0,0.414,0.827,0,0.481,0.397
TEG_Gower_30,Solar (Ausgrid),All,0.931,0.821,0.92,0.942,0.898,0.481,0.425
TEG_Soergel_30,Solar (Ausgrid),Normal,0.898,0,0.449,0,0.898,0.471,0.381
TEG_Soergel_30,Solar (Ausgrid),Percentile,1.0,0,0.5,1.0,0,0.471,0.454
TEG_Soergel_30,Solar (Ausgrid),Rating,1.0,0,0.5,1.0,0,0.471,0.457
TEG_Soergel_30,Solar (Ausgrid),RSA_0.5_3,0.836,0,0.418,0.836,0,0.471,0.394
TEG_Soergel_30,Solar (Ausgrid),All,0.933,0.827,0.922,0.945,0.898,0.471,0.422
TEG_Kulczynski_30,Solar (Ausgrid),Normal,0.898,0,0.449,0,0.898,0.466,0.386
TEG_Kulczynski_30,Solar (Ausgrid),Percentile,1.0,0,0.5,1.0,0,0.466,0.449
TEG_Kulczynski_30,Solar (Ausgrid),Rating,1.0,0,0.5,1.0,0,0.466,0.438
TEG_Kulczynski_30,Solar (Ausgrid),RSA_0.5_3,0.836,0,0.418,0.836,0,0.466,0.386
TEG_Kulczynski_30,Solar (Ausgrid),All,0.933,0.827,0.922,0.945,0.898,0.466,0.414
TEG_Canberra_30,Solar (Ausgrid),Normal,0.857,0,0.428,0,0.857,0.464,0.382
TEG_Canberra_30,Solar (Ausgrid),Percentile,1.0,0,0.5,1.0,0,0.464,0.456
TEG_Canberra_30,Solar (Ausgrid),Rating,1.0,0,0.5,1.0,0,0.464,0.456
TEG_Canberra_30,Solar (Ausgrid),RSA_0.5_3,0.99,0,0.495,0.99,0,0.464,0.396
TEG_Canberra_30,Solar (Ausgrid),All,0.962,0.897,0.927,0.997,0.857,0.464,0.423
TEG_Lorentzian_30,Solar (Ausgrid),Normal,0.942,0,0.471,0,0.942,0.457,0.382
TEG_Lorentzian_30,Solar (Ausgrid),Percentile,0.0,0,0.0,0.0,0,0.457,0.448
TEG_Lorentzian_30,Solar (Ausgrid),Rating,0.0,0,0.0,0.0,0,0.457,0.452
TEG_Lorentzian_30,Solar (Ausgrid),RSA_0.5_3,0.001,0,0.0,0.001,0,0.457,0.397
TEG_Lorentzian_30,Solar (Ausgrid),All,0.236,-0.206,0.471,0.0,0.942,0.457,0.42
TEG_Bhattacharyya_30,Solar (Ausgrid),Normal,0.843,0,0.422,0,0.843,0.478,0.39
TEG_Bhattacharyya_30,Solar (Ausgrid),Percentile,1.0,0,0.5,1.0,0,0.478,0.45
TEG_Bhattacharyya_30,Solar (Ausgrid),Rating,1.0,0,0.5,1.0,0,0.478,0.446
TEG_Bhattacharyya_30,Solar (Ausgrid),RSA_0.5_3,0.99,0,0.495,0.99,0,0.478,0.393
TEG_Bhattacharyya_30,Solar (Ausgrid),All,0.958,0.888,0.92,0.997,0.843,0.478,0.42
TEG_Hellinger_30,Solar (Ausgrid),Normal,0.843,0,0.422,0,0.843,0.475,0.386
TEG_Hellinger_30,Solar (Ausgrid),Percentile,1.0,0,0.5,1.0,0,0.475,0.457
TEG_Hellinger_30,Solar (Ausgrid),Rating,1.0,0,0.5,1.0,0,0.475,0.454
TEG_Hellinger_30,Solar (Ausgrid),RSA_0.5_3,0.99,0,0.495,0.99,0,0.475,0.4
TEG_Hellinger_30,Solar (Ausgrid),All,0.958,0.888,0.92,0.997,0.843,0.475,0.424
TEG_Matusita_30,Solar (Ausgrid),Normal,0.843,0,0.422,0,0.843,0.491,0.399
TEG_Matusita_30,Solar (Ausgrid),Percentile,1.0,0,0.5,1.0,0,0.491,0.463
TEG_Matusita_30,Solar (Ausgrid),Rating,1.0,0,0.5,1.0,0,0.491,0.457
TEG_Matusita_30,Solar (Ausgrid),RSA_0.5_3,0.99,0,0.495,0.99,0,0.491,0.387
TEG_Matusita_30,Solar (Ausgrid),All,0.958,0.888,0.92,0.997,0.843,0.491,0.426
TEG_Squaredchord_30,Solar (Ausgrid),Normal,0.843,0,0.422,0,0.843,0.474,0.393
TEG_Squaredchord_30,Solar (Ausgrid),Percentile,1.0,0,0.5,1.0,0,0.474,0.459
TEG_Squaredchord_30,Solar (Ausgrid),Rating,1.0,0,0.5,1.0,0,0.474,0.45
TEG_Squaredchord_30,Solar (Ausgrid),RSA_0.5_3,0.99,0,0.495,0.99,0,0.474,0.395
TEG_Squaredchord_30,Solar (Ausgrid),All,0.958,0.888,0.92,0.997,0.843,0.474,0.424
TEG_Pearson_30,Solar (Ausgrid),Normal,0.237,0,0.118,0,0.237,0.475,0.395
TEG_Pearson_30,Solar (Ausgrid),Percentile,0.996,0,0.498,0.996,0,0.475,0.456
TEG_Pearson_30,Solar (Ausgrid),Rating,1.0,0,0.5,1.0,0,0.475,0.462
TEG_Pearson_30,Solar (Ausgrid),RSA_0.5_3,0.987,0,0.494,0.987,0,0.475,0.401
TEG_Pearson_30,Solar (Ausgrid),All,0.805,0.411,0.615,0.994,0.237,0.475,0.428
TEG_Neyman_30,Solar (Ausgrid),Normal,0.9,0,0.45,0,0.9,0.476,0.392
TEG_Neyman_30,Solar (Ausgrid),Percentile,0.964,0,0.482,0.964,0,0.476,0.461
TEG_Neyman_30,Solar (Ausgrid),Rating,0.993,0,0.496,0.993,0,0.476,0.458
TEG_Neyman_30,Solar (Ausgrid),RSA_0.5_3,0.599,0,0.3,0.599,0,0.476,0.399
TEG_Neyman_30,Solar (Ausgrid),All,0.864,0.69,0.876,0.852,0.9,0.476,0.427
TEG_Squared_30,Solar (Ausgrid),Normal,0.859,0,0.43,0,0.859,0.472,0.384
TEG_Squared_30,Solar (Ausgrid),Percentile,1.0,0,0.5,1.0,0,0.472,0.456
TEG_Squared_30,Solar (Ausgrid),Rating,1.0,0,0.5,1.0,0,0.472,0.452
TEG_Squared_30,Solar (Ausgrid),RSA_0.5_3,0.975,0,0.488,0.975,0,0.472,0.395
TEG_Squared_30,Solar (Ausgrid),All,0.958,0.887,0.926,0.992,0.859,0.472,0.422
TEG_Probsymmetric_30,Solar (Ausgrid),Normal,0.859,0,0.43,0,0.859,0.474,0.384
TEG_Probsymmetric_30,Solar (Ausgrid),Percentile,1.0,0,0.5,1.0,0,0.474,0.451
TEG_Probsymmetric_30,Solar (Ausgrid),Rating,1.0,0,0.5,1.0,0,0.474,0.453
TEG_Probsymmetric_30,Solar (Ausgrid),RSA_0.5_3,0.975,0,0.488,0.975,0,0.474,0.4
TEG_Probsymmetric_30,Solar (Ausgrid),All,0.958,0.887,0.926,0.992,0.859,0.474,0.422
TEG_Divergence_30,Solar (Ausgrid),Normal,0.863,0,0.432,0,0.863,0.465,0.383
TEG_Divergence_30,Solar (Ausgrid),Percentile,1.0,0,0.5,1.0,0,0.465,0.442
TEG_Divergence_30,Solar (Ausgrid),Rating,1.0,0,0.5,1.0,0,0.465,0.451
TEG_Divergence_30,Solar (Ausgrid),RSA_0.5_3,0.977,0,0.488,0.977,0,0.465,0.393
TEG_Divergence_30,Solar (Ausgrid),All,0.96,0.892,0.928,0.992,0.863,0.465,0.417
TEG_Clark_30,Solar (Ausgrid),Normal,0.863,0,0.432,0,0.863,0.478,0.39
TEG_Clark_30,Solar (Ausgrid),Percentile,1.0,0,0.5,1.0,0,0.478,0.457
TEG_Clark_30,Solar (Ausgrid),Rating,1.0,0,0.5,1.0,0,0.478,0.451
TEG_Clark_30,Solar (Ausgrid),RSA_0.5_3,0.977,0,0.488,0.977,0,0.478,0.388
TEG_Clark_30,Solar (Ausgrid),All,0.96,0.892,0.928,0.992,0.863,0.478,0.422
TEG_Additivesymmetric_30,Solar (Ausgrid),Normal,0.864,0,0.432,0,0.864,0.462,0.382
TEG_Additivesymmetric_30,Solar (Ausgrid),Percentile,0.983,0,0.492,0.983,0,0.462,0.452
TEG_Additivesymmetric_30,Solar (Ausgrid),Rating,0.163,0,0.082,0.163,0,0.462,0.449
TEG_Additivesymmetric_30,Solar (Ausgrid),RSA_0.5_3,0.573,0,0.286,0.573,0,0.462,0.382
TEG_Additivesymmetric_30,Solar (Ausgrid),All,0.646,0.38,0.718,0.573,0.864,0.462,0.416
ARIMA,Solar (Ausgrid),Normal,0.907,0,0.454,0,0.907,43.218,0.266
ARIMA,Solar (Ausgrid),Percentile,0.372,0,0.186,0.372,0,43.218,0.26
ARIMA,Solar (Ausgrid),Rating,0.493,0,0.246,0.493,0,43.218,0.259
ARIMA,Solar (Ausgrid),RSA_0.5_3,0.168,0,0.084,0.168,0,43.218,0.259
ARIMA,Solar (Ausgrid),All,0.485,0.242,0.626,0.344,0.907,43.218,0.261
ARIMAX,Solar (Ausgrid),Normal,0.907,0,0.454,0,0.907,595.791,0.54
ARIMAX,Solar (Ausgrid),Percentile,0.32,0,0.16,0.32,0,595.791,0.534
ARIMAX,Solar (Ausgrid),Rating,0.499,0,0.25,0.499,0,595.791,0.533
ARIMAX,Solar (Ausgrid),RSA_0.5_3,0.197,0,0.098,0.197,0,595.791,0.533
ARIMAX,Solar (Ausgrid),All,0.481,0.238,0.623,0.339,0.907,595.791,0.535
All,Solar (Ausgrid),Normal,0.904,0,0.452,0,0.904,22.402,1.528
All,Solar (Ausgrid),Percentile,0.377,0,0.188,0.377,0,22.402,1.581
All,Solar (Ausgrid),Rating,0.518,0,0.259,0.518,0,22.402,1.586
All,Solar (Ausgrid),RSA_0.5_3,0.211,0,0.106,0.211,0,22.402,1.539
All,Solar (Ausgrid),All,0.502,0.258,0.636,0.368,0.904,22.402,1.559
JSD,Solar (Ausgrid),Normal,0.873,0,0.436,0,0.873,0.011,0.011
JSD,Solar (Ausgrid),RSA_0.25_1.1,0.393,0,0.196,0.393,0,0.011,0.012
JSD,Solar (Ausgrid),RSA_0.5_3,0.363,0,0.182,0.363,0,0.011,0.011
JSD,Solar (Ausgrid),Avg,0.87,0,0.435,0.87,0,0.011,0.011
JSD,Solar (Ausgrid),Swap,0.127,0,0.064,0.127,0,0.011,0.01
JSD,Solar (Ausgrid),FDI10,0.951,0,0.476,0.951,0,0.011,0.011
JSD,Solar (Ausgrid),FDI30,0.843,0,0.422,0.843,0,0.011,0.011
JSD,Solar (Ausgrid),All,0.631,0.325,0.732,0.591,0.873,0.011,0.011
KLD,Solar (Ausgrid),Normal,0.858,0,0.429,0,0.858,0.01,0.01
KLD,Solar (Ausgrid),RSA_0.25_1.1,0.404,0,0.202,0.404,0,0.01,0.011
KLD,Solar (Ausgrid),RSA_0.5_3,0.611,0,0.306,0.611,0,0.01,0.011
KLD,Solar (Ausgrid),Avg,0.836,0,0.418,0.836,0,0.01,0.011
KLD,Solar (Ausgrid),Swap,0.142,0,0.071,0.142,0,0.01,0.01
KLD,Solar (Ausgrid),FDI10,0.944,0,0.472,0.944,0,0.01,0.011
KLD,Solar (Ausgrid),FDI30,0.817,0,0.408,0.817,0,0.01,0.01
KLD,Solar (Ausgrid),All,0.659,0.341,0.742,0.626,0.858,0.01,0.01
Min-Avg,Solar (Ausgrid),Normal,0.94,0,0.47,0,0.94,0.134,0.134
Min-Avg,Solar (Ausgrid),RSA_0.25_1.1,0.361,0,0.18,0.361,0,0.134,0.133
Min-Avg,Solar (Ausgrid),RSA_0.5_3,0.006,0,0.003,0.006,0,0.134,0.134
Min-Avg,Solar (Ausgrid),Avg,0.061,0,0.03,0.061,0,0.134,0.135
Min-Avg,Solar (Ausgrid),Swap,0.06,0,0.03,0.06,0,0.134,0.135
Min-Avg,Solar (Ausgrid),FDI10,0.967,0,0.484,0.967,0,0.134,0.134
Min-Avg,Solar (Ausgrid),FDI30,0.816,0,0.408,0.816,0,0.134,0.133
Min-Avg,Solar (Ausgrid),All,0.459,0.236,0.659,0.378,0.94,0.134,0.134
TEG_Hamming_30,Solar (Ausgrid),Normal,0.901,0,0.45,0,0.901,0.193,0.173
TEG_Hamming_30,Solar (Ausgrid),RSA_0.25_1.1,0.272,0,0.136,0.272,0,0.193,0.173
TEG_Hamming_30,Solar (Ausgrid),RSA_0.5_3,0.115,0,0.058,0.115,0,0.193,0.171
TEG_Hamming_30,Solar (Ausgrid),Avg,0.858,0,0.429,0.858,0,0.193,0.197
TEG_Hamming_30,Solar (Ausgrid),Swap,0.24,0,0.12,0.24,0,0.193,0.173
TEG_Hamming_30,Solar (Ausgrid),FDI10,0.953,0,0.476,0.953,0,0.193,0.188
TEG_Hamming_30,Solar (Ausgrid),FDI30,0.85,0,0.425,0.85,0,0.193,0.181
TEG_Hamming_30,Solar (Ausgrid),All,0.598,0.315,0.724,0.548,0.901,0.193,0.179
TEG_Cosine_30,Solar (Ausgrid),Normal,0.881,0,0.44,0,0.881,0.195,0.178
TEG_Cosine_30,Solar (Ausgrid),RSA_0.25_1.1,0.379,0,0.19,0.379,0,0.195,0.175
TEG_Cosine_30,Solar (Ausgrid),RSA_0.5_3,0.515,0,0.258,0.515,0,0.195,0.172
TEG_Cosine_30,Solar (Ausgrid),Avg,0.808,0,0.404,0.808,0,0.195,0.202
TEG_Cosine_30,Solar (Ausgrid),Swap,0.134,0,0.067,0.134,0,0.195,0.176
TEG_Cosine_30,Solar (Ausgrid),FDI10,0.788,0,0.394,0.788,0,0.195,0.194
TEG_Cosine_30,Solar (Ausgrid),FDI30,0.675,0,0.338,0.675,0,0.195,0.188
TEG_Cosine_30,Solar (Ausgrid),All,0.597,0.302,0.716,0.55,0.881,0.195,0.184
TEG_Jaccard_30,Solar (Ausgrid),Normal,0.87,0,0.435,0,0.87,0.19,0.176
TEG_Jaccard_30,Solar (Ausgrid),RSA_0.25_1.1,0.397,0,0.198,0.397,0,0.19,0.171
TEG_Jaccard_30,Solar (Ausgrid),RSA_0.5_3,0.022,0,0.011,0.022,0,0.19,0.165
TEG_Jaccard_30,Solar (Ausgrid),Avg,0.771,0,0.386,0.771,0,0.19,0.194
TEG_Jaccard_30,Solar (Ausgrid),Swap,0.158,0,0.079,0.158,0,0.19,0.167
TEG_Jaccard_30,Solar (Ausgrid),FDI10,0.958,0,0.479,0.958,0,0.19,0.182
TEG_Jaccard_30,Solar (Ausgrid),FDI30,0.852,0,0.426,0.852,0,0.19,0.182
TEG_Jaccard_30,Solar (Ausgrid),All,0.575,0.278,0.698,0.526,0.87,0.19,0.177
TEG_Dice_30,Solar (Ausgrid),Normal,0.871,0,0.436,0,0.871,0.19,0.173
TEG_Dice_30,Solar (Ausgrid),RSA_0.25_1.1,0.396,0,0.198,0.396,0,0.19,0.167
TEG_Dice_30,Solar (Ausgrid),RSA_0.5_3,0.015,0,0.008,0.015,0,0.19,0.164
TEG_Dice_30,Solar (Ausgrid),Avg,0.776,0,0.388,0.776,0,0.19,0.199
TEG_Dice_30,Solar (Ausgrid),Swap,0.157,0,0.078,0.157,0,0.19,0.17
TEG_Dice_30,Solar (Ausgrid),FDI10,0.958,0,0.479,0.958,0,0.19,0.184
TEG_Dice_30,Solar (Ausgrid),FDI30,0.851,0,0.426,0.851,0,0.19,0.18
TEG_Dice_30,Solar (Ausgrid),All,0.575,0.278,0.698,0.526,0.871,0.19,0.177
TEG_KL_30,Solar (Ausgrid),Normal,0.385,0,0.192,0,0.385,0.189,0.173
TEG_KL_30,Solar (Ausgrid),RSA_0.25_1.1,0.721,0,0.36,0.721,0,0.189,0.17
TEG_KL_30,Solar (Ausgrid),RSA_0.5_3,0.987,0,0.494,0.987,0,0.189,0.168
TEG_KL_30,Solar (Ausgrid),Avg,0.872,0,0.436,0.872,0,0.189,0.195
TEG_KL_30,Solar (Ausgrid),Swap,0.76,0,0.38,0.76,0,0.189,0.171
TEG_KL_30,Solar (Ausgrid),FDI10,0.869,0,0.434,0.869,0,0.189,0.19
TEG_KL_30,Solar (Ausgrid),FDI30,0.686,0,0.343,0.686,0,0.189,0.185
TEG_KL_30,Solar (Ausgrid),All,0.754,0.172,0.6,0.816,0.385,0.189,0.179
TEG_Jeffreys_30,Solar (Ausgrid),Normal,0.854,0,0.427,0,0.854,0.191,0.174
TEG_Jeffreys_30,Solar (Ausgrid),RSA_0.25_1.1,0.405,0,0.202,0.405,0,0.191,0.174
TEG_Jeffreys_30,Solar (Ausgrid),RSA_0.5_3,0.504,0,0.252,0.504,0,0.191,0.169
TEG_Jeffreys_30,Solar (Ausgrid),Avg,0.907,0,0.454,0.907,0,0.191,0.2
TEG_Jeffreys_30,Solar (Ausgrid),Swap,0.409,0,0.204,0.409,0,0.191,0.175
TEG_Jeffreys_30,Solar (Ausgrid),FDI10,0.949,0,0.474,0.949,0,0.191,0.191
TEG_Jeffreys_30,Solar (Ausgrid),FDI30,0.807,0,0.404,0.807,0,0.191,0.184
TEG_Jeffreys_30,Solar (Ausgrid),All,0.691,0.368,0.758,0.663,0.854,0.191,0.181
TEG_JS_30,Solar (Ausgrid),Normal,0.863,0,0.432,0,0.863,0.194,0.176
TEG_JS_30,Solar (Ausgrid),RSA_0.25_1.1,0.438,0,0.219,0.438,0,0.194,0.175
TEG_JS_30,Solar (Ausgrid),RSA_0.5_3,0.723,0,0.362,0.723,0,0.194,0.175
TEG_JS_30,Solar (Ausgrid),Avg,0.905,0,0.452,0.905,0,0.194,0.201
TEG_JS_30,Solar (Ausgrid),Swap,0.277,0,0.138,0.277,0,0.194,0.178
TEG_JS_30,Solar (Ausgrid),FDI10,0.94,0,0.47,0.94,0,0.194,0.194
TEG_JS_30,Solar (Ausgrid),FDI30,0.778,0,0.389,0.778,0,0.194,0.185
TEG_JS_30,Solar (Ausgrid),All,0.703,0.386,0.77,0.677,0.863,0.194,0.183
TEG_Euclidean_30,Solar (Ausgrid),Normal,0.865,0,0.432,0,0.865,0.194,0.176
TEG_Euclidean_30,Solar (Ausgrid),RSA_0.25_1.1,0.426,0,0.213,0.426,0,0.194,0.173
TEG_Euclidean_30,Solar (Ausgrid),RSA_0.5_3,0.408,0,0.204,0.408,0,0.194,0.169
TEG_Euclidean_30,Solar (Ausgrid),Avg,0.733,0,0.366,0.733,0,0.194,0.199
TEG_Euclidean_30,Solar (Ausgrid),Swap,0.177,0,0.088,0.177,0,0.194,0.173
TEG_Euclidean_30,Solar (Ausgrid),FDI10,0.956,0,0.478,0.956,0,0.194,0.186
TEG_Euclidean_30,Solar (Ausgrid),FDI30,0.84,0,0.42,0.84,0,0.194,0.183
TEG_Euclidean_30,Solar (Ausgrid),All,0.629,0.319,0.728,0.59,0.865,0.194,0.18
TEG_Cityblock_30,Solar (Ausgrid),Normal,0.873,0,0.436,0,0.873,0.189,0.173
TEG_Cityblock_30,Solar (Ausgrid),RSA_0.25_1.1,0.441,0,0.22,0.441,0,0.189,0.171
TEG_Cityblock_30,Solar (Ausgrid),RSA_0.5_3,0.7,0,0.35,0.7,0,0.189,0.168
TEG_Cityblock_30,Solar (Ausgrid),Avg,0.887,0,0.444,0.887,0,0.189,0.197
TEG_Cityblock_30,Solar (Ausgrid),Swap,0.217,0,0.108,0.217,0,0.189,0.172
TEG_Cityblock_30,Solar (Ausgrid),FDI10,0.938,0,0.469,0.938,0,0.189,0.186
TEG_Cityblock_30,Solar (Ausgrid),FDI30,0.767,0,0.384,0.767,0,0.189,0.179
TEG_Cityblock_30,Solar (Ausgrid),All,0.689,0.377,0.766,0.658,0.873,0.189,0.178
TEG_Chebyshev_30,Solar (Ausgrid),Normal,0.869,0,0.434,0,0.869,0.194,0.177
TEG_Chebyshev_30,Solar (Ausgrid),RSA_0.25_1.1,0.341,0,0.17,0.341,0,0.194,0.173
TEG_Chebyshev_30,Solar (Ausgrid),RSA_0.5_3,0.4,0,0.2,0.4,0,0.194,0.17
TEG_Chebyshev_30,Solar (Ausgrid),Avg,0.553,0,0.276,0.553,0,0.194,0.198
TEG_Chebyshev_30,Solar (Ausgrid),Swap,0.152,0,0.076,0.152,0,0.194,0.175
TEG_Chebyshev_30,Solar (Ausgrid),FDI10,0.956,0,0.478,0.956,0,0.194,0.19
TEG_Chebyshev_30,Solar (Ausgrid),FDI30,0.84,0,0.42,0.84,0,0.194,0.187
TEG_Chebyshev_30,Solar (Ausgrid),All,0.587,0.287,0.704,0.54,0.869,0.194,0.182
TEG_Minkowski_30,Solar (Ausgrid),Normal,0.865,0,0.432,0,0.865,0.192,0.172
TEG_Minkowski_30,Solar (Ausgrid),RSA_0.25_1.1,0.386,0,0.193,0.386,0,0.192,0.171
TEG_Minkowski_30,Solar (Ausgrid),RSA_0.5_3,0.401,0,0.2,0.401,0,0.192,0.168
TEG_Minkowski_30,Solar (Ausgrid),Avg,0.651,0,0.326,0.651,0,0.192,0.194
TEG_Minkowski_30,Solar (Ausgrid),Swap,0.162,0,0.081,0.162,0,0.192,0.173
TEG_Minkowski_30,Solar (Ausgrid),FDI10,0.956,0,0.478,0.956,0,0.192,0.188
TEG_Minkowski_30,Solar (Ausgrid),FDI30,0.84,0,0.42,0.84,0,0.192,0.186
TEG_Minkowski_30,Solar (Ausgrid),All,0.609,0.302,0.716,0.566,0.865,0.192,0.179
TEG_Braycurtis_30,Solar (Ausgrid),Normal,0.873,0,0.436,0,0.873,0.196,0.175
TEG_Braycurtis_30,Solar (Ausgrid),RSA_0.25_1.1,0.441,0,0.22,0.441,0,0.196,0.175
TEG_Braycurtis_30,Solar (Ausgrid),RSA_0.5_3,0.7,0,0.35,0.7,0,0.196,0.17
TEG_Braycurtis_30,Solar (Ausgrid),Avg,0.887,0,0.444,0.887,0,0.196,0.198
TEG_Braycurtis_30,Solar (Ausgrid),Swap,0.217,0,0.108,0.217,0,0.196,0.174
TEG_Braycurtis_30,Solar (Ausgrid),FDI10,0.938,0,0.469,0.938,0,0.196,0.189
TEG_Braycurtis_30,Solar (Ausgrid),FDI30,0.767,0,0.384,0.767,0,0.196,0.183
TEG_Braycurtis_30,Solar (Ausgrid),All,0.689,0.377,0.766,0.658,0.873,0.196,0.181
TEG_Gower_30,Solar (Ausgrid),Normal,0.873,0,0.436,0,0.873,0.189,0.171
TEG_Gower_30,Solar (Ausgrid),RSA_0.25_1.1,0.441,0,0.22,0.441,0,0.189,0.174
TEG_Gower_30,Solar (Ausgrid),RSA_0.5_3,0.7,0,0.35,0.7,0,0.189,0.169
TEG_Gower_30,Solar (Ausgrid),Avg,0.887,0,0.444,0.887,0,0.189,0.194
TEG_Gower_30,Solar (Ausgrid),Swap,0.217,0,0.108,0.217,0,0.189,0.171
TEG_Gower_30,Solar (Ausgrid),FDI10,0.938,0,0.469,0.938,0,0.189,0.188
TEG_Gower_30,Solar (Ausgrid),FDI30,0.767,0,0.384,0.767,0,0.189,0.18
TEG_Gower_30,Solar (Ausgrid),All,0.689,0.377,0.766,0.658,0.873,0.189,0.178
TEG_Soergel_30,Solar (Ausgrid),Normal,0.873,0,0.436,0,0.873,0.189,0.173
TEG_Soergel_30,Solar (Ausgrid),RSA_0.25_1.1,0.442,0,0.221,0.442,0,0.189,0.17
TEG_Soergel_30,Solar (Ausgrid),RSA_0.5_3,0.702,0,0.351,0.702,0,0.189,0.169
TEG_Soergel_30,Solar (Ausgrid),Avg,0.887,0,0.444,0.887,0,0.189,0.198
TEG_Soergel_30,Solar (Ausgrid),Swap,0.217,0,0.108,0.217,0,0.189,0.174
TEG_Soergel_30,Solar (Ausgrid),FDI10,0.938,0,0.469,0.938,0,0.189,0.187
TEG_Soergel_30,Solar (Ausgrid),FDI30,0.768,0,0.384,0.768,0,0.189,0.179
TEG_Soergel_30,Solar (Ausgrid),All,0.69,0.377,0.766,0.659,0.873,0.189,0.179
TEG_Kulczynski_30,Solar (Ausgrid),Normal,0.873,0,0.436,0,0.873,0.183,0.171
TEG_Kulczynski_30,Solar (Ausgrid),RSA_0.25_1.1,0.44,0,0.22,0.44,0,0.183,0.167
TEG_Kulczynski_30,Solar (Ausgrid),RSA_0.5_3,0.695,0,0.348,0.695,0,0.183,0.165
TEG_Kulczynski_30,Solar (Ausgrid),Avg,0.883,0,0.442,0.883,0,0.183,0.192
TEG_Kulczynski_30,Solar (Ausgrid),Swap,0.216,0,0.108,0.216,0,0.183,0.17
TEG_Kulczynski_30,Solar (Ausgrid),FDI10,0.937,0,0.468,0.937,0,0.183,0.183
TEG_Kulczynski_30,Solar (Ausgrid),FDI30,0.764,0,0.382,0.764,0,0.183,0.178
TEG_Kulczynski_30,Solar (Ausgrid),All,0.687,0.375,0.764,0.656,0.873,0.183,0.175
TEG_Canberra_30,Solar (Ausgrid),Normal,0.822,0,0.411,0,0.822,0.188,0.173
TEG_Canberra_30,Solar (Ausgrid),RSA_0.25_1.1,0.508,0,0.254,0.508,0,0.188,0.177
TEG_Canberra_30,Solar (Ausgrid),RSA_0.5_3,0.703,0,0.352,0.703,0,0.188,0.172
TEG_Canberra_30,Solar (Ausgrid),Avg,0.902,0,0.451,0.902,0,0.188,0.197
TEG_Canberra_30,Solar (Ausgrid),Swap,0.527,0,0.264,0.527,0,0.188,0.175
TEG_Canberra_30,Solar (Ausgrid),FDI10,0.959,0,0.48,0.959,0,0.188,0.188
TEG_Canberra_30,Solar (Ausgrid),FDI30,0.87,0,0.435,0.87,0,0.188,0.188
TEG_Canberra_30,Solar (Ausgrid),All,0.756,0.42,0.784,0.745,0.822,0.188,0.181
TEG_Lorentzian_30,Solar (Ausgrid),Normal,0.946,0,0.473,0,0.946,0.196,0.177
TEG_Lorentzian_30,Solar (Ausgrid),RSA_0.25_1.1,0.019,0,0.01,0.019,0,0.196,0.175
TEG_Lorentzian_30,Solar (Ausgrid),RSA_0.5_3,0.004,0,0.002,0.004,0,0.196,0.17
TEG_Lorentzian_30,Solar (Ausgrid),Avg,0.0,0,0.0,0.0,0,0.196,0.197
TEG_Lorentzian_30,Solar (Ausgrid),Swap,0.018,0,0.009,0.018,0,0.196,0.174
TEG_Lorentzian_30,Solar (Ausgrid),FDI10,0.0,0,0.0,0.0,0,0.196,0.188
TEG_Lorentzian_30,Solar (Ausgrid),FDI30,0.006,0,0.003,0.006,0,0.196,0.182
TEG_Lorentzian_30,Solar (Ausgrid),All,0.142,-0.137,0.477,0.008,0.946,0.196,0.18
TEG_Bhattacharyya_30,Solar (Ausgrid),Normal,0.86,0,0.43,0,0.86,0.19,0.174
TEG_Bhattacharyya_30,Solar (Ausgrid),RSA_0.25_1.1,0.445,0,0.222,0.445,0,0.19,0.173
TEG_Bhattacharyya_30,Solar (Ausgrid),RSA_0.5_3,0.713,0,0.356,0.713,0,0.19,0.175
TEG_Bhattacharyya_30,Solar (Ausgrid),Avg,0.91,0,0.455,0.91,0,0.19,0.204
TEG_Bhattacharyya_30,Solar (Ausgrid),Swap,0.306,0,0.153,0.306,0,0.19,0.175
TEG_Bhattacharyya_30,Solar (Ausgrid),FDI10,0.943,0,0.472,0.943,0,0.19,0.192
TEG_Bhattacharyya_30,Solar (Ausgrid),FDI30,0.793,0,0.396,0.793,0,0.19,0.186
TEG_Bhattacharyya_30,Solar (Ausgrid),All,0.71,0.391,0.772,0.685,0.86,0.19,0.183
TEG_Hellinger_30,Solar (Ausgrid),Normal,0.86,0,0.43,0,0.86,0.194,0.178
TEG_Hellinger_30,Solar (Ausgrid),RSA_0.25_1.1,0.446,0,0.223,0.446,0,0.194,0.175
TEG_Hellinger_30,Solar (Ausgrid),RSA_0.5_3,0.716,0,0.358,0.716,0,0.194,0.17
TEG_Hellinger_30,Solar (Ausgrid),Avg,0.913,0,0.456,0.913,0,0.194,0.196
TEG_Hellinger_30,Solar (Ausgrid),Swap,0.307,0,0.154,0.307,0,0.194,0.172
TEG_Hellinger_30,Solar (Ausgrid),FDI10,0.943,0,0.472,0.943,0,0.194,0.189
TEG_Hellinger_30,Solar (Ausgrid),FDI30,0.795,0,0.398,0.795,0,0.194,0.185
TEG_Hellinger_30,Solar (Ausgrid),All,0.711,0.392,0.774,0.687,0.86,0.194,0.181
TEG_Matusita_30,Solar (Ausgrid),Normal,0.86,0,0.43,0,0.86,0.194,0.173
TEG_Matusita_30,Solar (Ausgrid),RSA_0.25_1.1,0.446,0,0.223,0.446,0,0.194,0.173
TEG_Matusita_30,Solar (Ausgrid),RSA_0.5_3,0.716,0,0.358,0.716,0,0.194,0.168
TEG_Matusita_30,Solar (Ausgrid),Avg,0.913,0,0.456,0.913,0,0.194,0.198
TEG_Matusita_30,Solar (Ausgrid),Swap,0.307,0,0.154,0.307,0,0.194,0.174
TEG_Matusita_30,Solar (Ausgrid),FDI10,0.943,0,0.472,0.943,0,0.194,0.188
TEG_Matusita_30,Solar (Ausgrid),FDI30,0.795,0,0.398,0.795,0,0.194,0.183
TEG_Matusita_30,Solar (Ausgrid),All,0.711,0.392,0.774,0.687,0.86,0.194,0.18
TEG_Squaredchord_30,Solar (Ausgrid),Normal,0.86,0,0.43,0,0.86,0.19,0.174
TEG_Squaredchord_30,Solar (Ausgrid),RSA_0.25_1.1,0.445,0,0.222,0.445,0,0.19,0.171
TEG_Squaredchord_30,Solar (Ausgrid),RSA_0.5_3,0.714,0,0.357,0.714,0,0.19,0.168
TEG_Squaredchord_30,Solar (Ausgrid),Avg,0.912,0,0.456,0.912,0,0.19,0.196
TEG_Squaredchord_30,Solar (Ausgrid),Swap,0.306,0,0.153,0.306,0,0.19,0.173
TEG_Squaredchord_30,Solar (Ausgrid),FDI10,0.943,0,0.472,0.943,0,0.19,0.189
TEG_Squaredchord_30,Solar (Ausgrid),FDI30,0.794,0,0.397,0.794,0,0.19,0.184
TEG_Squaredchord_30,Solar (Ausgrid),All,0.711,0.391,0.773,0.686,0.86,0.19,0.179
TEG_Pearson_30,Solar (Ausgrid),Normal,0.398,0,0.199,0,0.398,0.192,0.173
TEG_Pearson_30,Solar (Ausgrid),RSA_0.25_1.1,0.69,0,0.345,0.69,0,0.192,0.173
TEG_Pearson_30,Solar (Ausgrid),RSA_0.5_3,0.984,0,0.492,0.984,0,0.192,0.171
TEG_Pearson_30,Solar (Ausgrid),Avg,0.624,0,0.312,0.624,0,0.192,0.199
TEG_Pearson_30,Solar (Ausgrid),Swap,0.746,0,0.373,0.746,0,0.192,0.175
TEG_Pearson_30,Solar (Ausgrid),FDI10,0.614,0,0.307,0.614,0,0.192,0.193
TEG_Pearson_30,Solar (Ausgrid),FDI30,0.525,0,0.262,0.525,0,0.192,0.19
TEG_Pearson_30,Solar (Ausgrid),All,0.654,0.072,0.548,0.697,0.398,0.192,0.182
TEG_Neyman_30,Solar (Ausgrid),Normal,0.897,0,0.448,0,0.897,0.193,0.172
TEG_Neyman_30,Solar (Ausgrid),RSA_0.25_1.1,0.227,0,0.114,0.227,0,0.193,0.175
TEG_Neyman_30,Solar (Ausgrid),RSA_0.5_3,0.131,0,0.066,0.131,0,0.193,0.175
TEG_Neyman_30,Solar (Ausgrid),Avg,0.84,0,0.42,0.84,0,0.193,0.201
TEG_Neyman_30,Solar (Ausgrid),Swap,0.261,0,0.13,0.261,0,0.193,0.176
TEG_Neyman_30,Solar (Ausgrid),FDI10,0.868,0,0.434,0.868,0,0.193,0.193
TEG_Neyman_30,Solar (Ausgrid),FDI30,0.592,0,0.296,0.592,0,0.193,0.19
TEG_Neyman_30,Solar (Ausgrid),All,0.545,0.271,0.692,0.487,0.897,0.193,0.183
TEG_Squared_30,Solar (Ausgrid),Normal,0.867,0,0.434,0,0.867,0.193,0.18
TEG_Squared_30,Solar (Ausgrid),RSA_0.25_1.1,0.435,0,0.218,0.435,0,0.193,0.176
TEG_Squared_30,Solar (Ausgrid),RSA_0.5_3,0.721,0,0.36,0.721,0,0.193,0.171
TEG_Squared_30,Solar (Ausgrid),Avg,0.896,0,0.448,0.896,0,0.193,0.197
TEG_Squared_30,Solar (Ausgrid),Swap,0.256,0,0.128,0.256,0,0.193,0.178
TEG_Squared_30,Solar (Ausgrid),FDI10,0.936,0,0.468,0.936,0,0.193,0.193
TEG_Squared_30,Solar (Ausgrid),FDI30,0.765,0,0.382,0.765,0,0.193,0.189
TEG_Squared_30,Solar (Ausgrid),All,0.697,0.381,0.768,0.668,0.867,0.193,0.183
TEG_Probsymmetric_30,Solar (Ausgrid),Normal,0.867,0,0.434,0,0.867,0.195,0.177
TEG_Probsymmetric_30,Solar (Ausgrid),RSA_0.25_1.1,0.435,0,0.218,0.435,0,0.195,0.176
TEG_Probsymmetric_30,Solar (Ausgrid),RSA_0.5_3,0.721,0,0.36,0.721,0,0.195,0.171
TEG_Probsymmetric_30,Solar (Ausgrid),Avg,0.896,0,0.448,0.896,0,0.195,0.195
TEG_Probsymmetric_30,Solar (Ausgrid),Swap,0.256,0,0.128,0.256,0,0.195,0.172
TEG_Probsymmetric_30,Solar (Ausgrid),FDI10,0.936,0,0.468,0.936,0,0.195,0.189
TEG_Probsymmetric_30,Solar (Ausgrid),FDI30,0.765,0,0.382,0.765,0,0.195,0.183
TEG_Probsymmetric_30,Solar (Ausgrid),All,0.697,0.381,0.768,0.668,0.867,0.195,0.18
TEG_Divergence_30,Solar (Ausgrid),Normal,0.853,0,0.426,0,0.853,0.193,0.175
TEG_Divergence_30,Solar (Ausgrid),RSA_0.25_1.1,0.448,0,0.224,0.448,0,0.193,0.174
TEG_Divergence_30,Solar (Ausgrid),RSA_0.5_3,0.517,0,0.258,0.517,0,0.193,0.174
TEG_Divergence_30,Solar (Ausgrid),Avg,0.897,0,0.448,0.897,0,0.193,0.201
TEG_Divergence_30,Solar (Ausgrid),Swap,0.451,0,0.226,0.451,0,0.193,0.177
TEG_Divergence_30,Solar (Ausgrid),FDI10,0.959,0,0.48,0.959,0,0.193,0.189
TEG_Divergence_30,Solar (Ausgrid),FDI30,0.867,0,0.434,0.867,0,0.193,0.182
TEG_Divergence_30,Solar (Ausgrid),All,0.713,0.389,0.772,0.69,0.853,0.193,0.182
TEG_Clark_30,Solar (Ausgrid),Normal,0.852,0,0.426,0,0.852,0.189,0.173
TEG_Clark_30,Solar (Ausgrid),RSA_0.25_1.1,0.449,0,0.224,0.449,0,0.189,0.172
TEG_Clark_30,Solar (Ausgrid),RSA_0.5_3,0.517,0,0.258,0.517,0,0.189,0.169
TEG_Clark_30,Solar (Ausgrid),Avg,0.897,0,0.448,0.897,0,0.189,0.194
TEG_Clark_30,Solar (Ausgrid),Swap,0.451,0,0.226,0.451,0,0.189,0.171
TEG_Clark_30,Solar (Ausgrid),FDI10,0.959,0,0.48,0.959,0,0.189,0.189
TEG_Clark_30,Solar (Ausgrid),FDI30,0.867,0,0.434,0.867,0,0.189,0.182
TEG_Clark_30,Solar (Ausgrid),All,0.713,0.389,0.771,0.69,0.852,0.189,0.178
TEG_Additivesymmetric_30,Solar (Ausgrid),Normal,0.882,0,0.441,0,0.882,0.191,0.175
TEG_Additivesymmetric_30,Solar (Ausgrid),RSA_0.25_1.1,0.35,0,0.175,0.35,0,0.191,0.172
TEG_Additivesymmetric_30,Solar (Ausgrid),RSA_0.5_3,0.689,0,0.344,0.689,0,0.191,0.172
TEG_Additivesymmetric_30,Solar (Ausgrid),Avg,0.622,0,0.311,0.622,0,0.191,0.199
TEG_Additivesymmetric_30,Solar (Ausgrid),Swap,0.205,0,0.102,0.205,0,0.191,0.175
TEG_Additivesymmetric_30,Solar (Ausgrid),FDI10,0.634,0,0.317,0.634,0,0.191,0.187
TEG_Additivesymmetric_30,Solar (Ausgrid),FDI30,0.556,0,0.278,0.556,0,0.191,0.185
TEG_Additivesymmetric_30,Solar (Ausgrid),All,0.562,0.275,0.696,0.509,0.882,0.191,0.181
NN,Solar (Ausgrid),Normal,0.78,0,0.39,0,0.78,31.62,23.089
NN,Solar (Ausgrid),RSA_0.25_1.1,0.97,0,0.485,0.97,0,31.619,23.155
NN,Solar (Ausgrid),RSA_0.5_3,0.978,0,0.489,0.978,0,31.619,23.154
NN,Solar (Ausgrid),Avg,0.999,0,0.5,0.999,0,31.619,23.187
NN,Solar (Ausgrid),Swap,0.907,0,0.454,0.907,0,31.619,23.338
NN,Solar (Ausgrid),FDI10,0.999,0,0.5,0.999,0,31.619,23.113
NN,Solar (Ausgrid),FDI30,0.99,0,0.495,0.99,0,31.619,22.965
NN,Solar (Ausgrid),All,0.946,0.776,0.877,0.974,0.78,31.619,23.143
ARIMAX,Solar (Ausgrid),Normal,0.934,0,0.467,0,0.934,881.298,0.575
ARIMAX,Solar (Ausgrid),RSA_0.25_1.1,0.037,0,0.018,0.037,0,881.298,0.563
ARIMAX,Solar (Ausgrid),RSA_0.5_3,0.178,0,0.089,0.178,0,881.298,0.563
ARIMAX,Solar (Ausgrid),Avg,0.032,0,0.016,0.032,0,881.298,0.562
ARIMAX,Solar (Ausgrid),Swap,0.109,0,0.054,0.109,0,881.298,0.563
ARIMAX,Solar (Ausgrid),FDI10,0.045,0,0.022,0.045,0,881.298,0.56
ARIMAX,Solar (Ausgrid),FDI30,0.025,0,0.012,0.025,0,881.298,0.558
ARIMAX,Solar (Ausgrid),All,0.194,0.007,0.503,0.071,0.934,881.298,0.563
ARIMA,Solar (Ausgrid),Normal,0.94,0,0.47,0,0.94,55.614,0.273
ARIMA,Solar (Ausgrid),RSA_0.25_1.1,0.028,0,0.014,0.028,0,55.614,0.269
ARIMA,Solar (Ausgrid),RSA_0.5_3,0.155,0,0.078,0.155,0,55.614,0.268
ARIMA,Solar (Ausgrid),Avg,0.006,0,0.003,0.006,0,55.614,0.267
ARIMA,Solar (Ausgrid),Swap,0.06,0,0.03,0.06,0,55.614,0.267
ARIMA,Solar (Ausgrid),FDI10,0.004,0,0.002,0.004,0,55.614,0.268
ARIMA,Solar (Ausgrid),FDI30,0.004,0,0.002,0.004,0,55.614,0.267
ARIMA,Solar (Ausgrid),All,0.171,-0.029,0.492,0.043,0.94,55.614,0.268
All,Solar (Ausgrid),Normal,0.931,0,0.466,0,0.931,28.638,0.856
All,Solar (Ausgrid),RSA_0.25_1.1,0.058,0,0.029,0.058,0,28.638,0.854
All,Solar (Ausgrid),RSA_0.5_3,0.191,0,0.096,0.191,0,28.638,0.852
All,Solar (Ausgrid),Avg,0.062,0,0.031,0.062,0,28.638,0.876
All,Solar (Ausgrid),Swap,0.101,0,0.05,0.101,0,28.638,0.86
All,Solar (Ausgrid),FDI10,0.072,0,0.036,0.072,0,28.638,0.866
All,Solar (Ausgrid),FDI30,0.056,0,0.028,0.056,0,28.638,0.858
All,Solar (Ausgrid),All,0.21,0.026,0.511,0.09,0.931,28.638,0.86
